scenario,pattern,group,n,ml_recall,rules_recall
control_train_like,new_recipient_big,known,2154,0.815,1.0
control_train_like,night_tx,known,1726,1.0,1.0
control_train_like,rapid_burst,known,4951,0.779,0.559
control_train_like,refund_scam,known,1687,0.999,1.0
environment_only,new_recipient_big,known,3410,0.801,0.999
environment_only,night_tx,known,2838,1.0,1.0
environment_only,rapid_burst,known,8020,0.79,0.581
environment_only,refund_scam,known,2836,0.997,1.0
novel_typologies_only,account_takeover_drain,novel,2650,0.0,0.113
novel_typologies_only,emergency_impersonation,novel,1326,0.003,0.263
novel_typologies_only,investment_drip,novel,3491,0.001,0.002
novel_typologies_only,mule_pass_through,novel,2193,0.378,0.268
novel_typologies_only,prize_fee_scam,novel,1169,0.002,0.005
tactic_evasion,new_recipient_big,known,2194,0.224,0.272
tactic_evasion,night_tx,known,1766,0.002,0.001
tactic_evasion,rapid_burst,known,4992,0.783,0.243
tactic_evasion,refund_scam,known,1675,0.207,0.225
volume_mix_shift,new_recipient_big,known,2372,0.806,1.0
volume_mix_shift,night_tx,known,1885,1.0,1.0
volume_mix_shift,rapid_burst,known,5335,0.792,0.582
volume_mix_shift,refund_scam,known,1916,0.997,1.0
scam_surge,new_recipient_big,known,6341,0.818,1.0
scam_surge,night_tx,known,5218,0.998,0.998
scam_surge,rapid_burst,known,14569,0.782,0.566
scam_surge,refund_scam,known,5119,0.998,1.0
external_validation,account_takeover_drain,novel,1589,0.0,0.124
external_validation,emergency_impersonation,novel,711,0.004,0.248
external_validation,investment_drip,novel,1929,0.004,0.004
external_validation,mule_pass_through,novel,1275,0.396,0.282
external_validation,new_recipient_big,known,156,0.84,1.0
external_validation,night_tx,known,147,1.0,1.0
external_validation,prize_fee_scam,novel,668,0.0,0.001
external_validation,rapid_burst,known,422,0.787,0.573
external_validation,refund_scam,known,139,1.0,1.0
