scenario,seed,system,n,scam,prevalence,tp,fp,fn,tn,recall,precision,far,precision_at_train_prevalence,auc,pr_auc,recall_at_matched_far,alerts_per_10k,incidents,incident_recall
control_train_like,100,ML,73193,2114,0.028882543412621427,1819,1584,295,69495,0.8604541154210028,0.5345283573317661,0.022285063098805555,0.5324328401520313,0.9805775857776433,0.6652665285139292,0.8443708609271523,464.93517139617177,1400,0.9385714285714286
control_train_like,100,Rules R1-R4,73193,2114,0.028882543412621427,1700,3206,414,67873,0.804162724692526,0.3465144720750102,0.04510474261033498,0.34461033837574556,0.8795289910410955,0.28431030061511,0.0,670.2826773052068,1400,1.0
control_train_like,101,ML,73741,2092,0.028369563743372073,1810,1614,282,70035,0.8652007648183556,0.5286214953271028,0.022526483272620693,0.5311197343352806,0.9808544593335254,0.6638457268008972,0.8465583173996176,464.32785017832686,1392,0.9489942528735632
control_train_like,101,Rules R1-R4,73741,2092,0.028369563743372073,1669,3240,423,68409,0.7978011472275335,0.3399877775514361,0.04522044969224972,0.34224179250260756,0.8762903487676419,0.2769789322164404,0.0,665.7083576300837,1392,1.0
control_train_like,102,ML,72760,2049,0.028161077515118198,1749,1609,300,69102,0.8535871156661786,0.5208457415128053,0.022754592637637707,0.5252412063019949,0.9795544335120735,0.6509130019196498,0.838457784285017,461.5173172072567,1411,0.9376328844790929
control_train_like,102,Rules R1-R4,72760,2049,0.028161077515118198,1624,3212,425,67499,0.7925817471937531,0.3358147229114971,0.045424332847788886,0.3397559088617559,0.873578707172982,0.27200174131390753,0.0,664.6509070918087,1411,1.0
control_train_like,103,ML,72211,2182,0.030217002949689105,1870,1553,312,68476,0.8570119156736938,0.5463044113350862,0.02217652686744063,0.5326503618536077,0.980624708849505,0.6884656632518799,0.8437213565536206,474.02750273504034,1428,0.9467787114845938
control_train_like,103,Rules R1-R4,72211,2182,0.030217002949689105,1710,3097,472,66932,0.7836846929422548,0.3557312252964427,0.04422453554955804,0.34323681853630805,0.8697300786963483,0.2853175163378415,0.0,665.6880530667073,1428,1.0
control_train_like,104,ML,72395,2081,0.028745079080046965,1777,1578,304,68736,0.853916386352715,0.5296572280178837,0.022442187899991466,0.5287833472573474,0.9782368489246911,0.6652266997328867,0.8380586256607401,463.4297948753367,1349,0.9406968124536694
control_train_like,104,Rules R1-R4,72395,2081,0.028745079080046965,1634,3255,447,67059,0.7851994233541566,0.33421967682552667,0.04629234576329038,0.33343965252215,0.8694535387954332,0.2686035570791406,0.0,675.3228814144624,1349,1.0
environment_only,100,ML,118372,3429,0.0289679991889974,2949,7694,480,107249,0.8600174978127734,0.27708352908014655,0.06693752555614522,0.274793432144435,0.9545498817960534,0.2852135558338412,0.00029163021289005544,899.114655492853,2303,0.9322622666087712
environment_only,100,Rules R1-R4,118372,3429,0.0289679991889974,2776,15129,653,99814,0.8095654709827939,0.15504049148282603,0.13162176035078257,0.15354483960689191,0.8389718553160056,0.13103193579082542,0.0,1512.6043321055656,2303,0.9995657837603127
environment_only,101,ML,119426,3383,0.028327164938958017,2922,8008,461,108035,0.8637304167898315,0.26733760292772185,0.06900890187258171,0.2696095037788726,0.9527027130812041,0.27629754402340273,0.0002955956251847473,915.2110930618123,2231,0.942626624831914
environment_only,101,Rules R1-R4,119426,3383,0.028327164938958017,2716,15342,667,100701,0.8028377180017736,0.15040425296267582,0.1322096119541894,0.15188843548510852,0.8353140530237921,0.12633525570822127,0.0,1512.0660492690033,2231,0.9995517705064993
environment_only,102,ML,118048,3408,0.028869612361073462,2934,7789,474,106851,0.8609154929577465,0.2736174578009885,0.06794312630844382,0.2720385104765369,0.9538878813632552,0.2912268174939021,0.00029342723004694836,908.3593114665221,2222,0.9486948694869487
environment_only,102,Rules R1-R4,118048,3408,0.028869612361073462,2695,15030,713,99610,0.7907863849765259,0.15204513399153738,0.13110607117934403,0.15102187761952068,0.8298401568985909,0.12627513782882588,0.0,1501.5078612089997,2222,1.0
environment_only,103,ML,116564,3462,0.02970042208572115,2969,7699,493,105403,0.8575967648757944,0.2783089613798275,0.06807129847394387,0.2709019004101501,0.9543376034317619,0.2937961608794788,0.0005777007510109763,915.2053807350468,2286,0.9339457567804025
environment_only,103,Rules R1-R4,116564,3462,0.02970042208572115,2786,14881,676,98221,0.80473714615829,0.15769513782758815,0.13157150183020636,0.15281842064795048,0.8365828221640418,0.13270252435517274,0.0,1515.6480560035689,2286,1.0
environment_only,104,ML,117608,3422,0.02909666009115026,2959,7740,463,106446,0.8646990064289889,0.27656790354238714,0.06778414166360149,0.2733728892278367,0.953985281000455,0.2852790610636399,0.0,909.7170260526494,2323,0.9410245372363323
environment_only,104,Rules R1-R4,117608,3422,0.02909666009115026,2765,15033,657,99153,0.8080070134424313,0.15535453421732778,0.13165361778151438,0.15326315965171863,0.8381766978304585,0.13111390788743338,0.0,1513.3324263655534,2323,0.9995695221696083
novel_typologies_only,100,ML,73169,2266,0.030969399609124083,182,1606,2084,69297,0.08031774051191527,0.1017897091722595,0.022650663582641072,0.09467632990792885,0.5225217316712754,0.06391979080639876,0.08031774051191527,244.36578332353866,906,0.11037527593818984
novel_typologies_only,100,Rules R1-R4,73169,2266,0.030969399609124083,270,3224,1996,67679,0.11915269196822595,0.07727532913566114,0.04547057247225082,0.07173826533940061,0.5368410597479876,0.036486875766301934,0.0,477.5246347496891,906,0.20750551876379691
novel_typologies_only,101,ML,73610,2131,0.028949870941448172,161,1641,1970,69838,0.07555138432660723,0.08934517203107659,0.022957791798989914,0.08846893025052585,0.5146505998956197,0.057251891477236076,0.07555138432660723,244.8036951501155,863,0.11123986095017381
novel_typologies_only,101,Rules R1-R4,73610,2131,0.028949870941448172,243,3276,1888,68203,0.11403097137494134,0.06905370843989769,0.04583164286014074,0.06836153359816968,0.5340996642574003,0.033522950487259166,0.0,478.06004618937646,863,0.20973348783314022
novel_typologies_only,102,ML,72767,2215,0.030439622356287877,183,1622,2032,68930,0.08261851015801354,0.10138504155124654,0.02299013493593378,0.09582829025854155,0.51742955646502,0.06135023939182792,0.08261851015801354,248.0520015941292,884,0.11425339366515837
novel_typologies_only,102,Rules R1-R4,72767,2215,0.030439622356287877,268,3228,1947,67324,0.12099322799097066,0.07665903890160183,0.04575348678988547,0.07234837222403653,0.5376198706005426,0.03603185875996469,0.0,480.4375609823134,884,0.2149321266968326
novel_typologies_only,103,ML,71928,2067,0.02873707040373707,140,1561,1927,68300,0.06773101112723755,0.0823045267489712,0.022344369533788523,0.0820615996244945,0.5190273190692083,0.057612292446449664,0.06773101112723755,236.48648648648648,833,0.1056422569027611
novel_typologies_only,103,Rules R1-R4,71928,2067,0.02873707040373707,198,3118,1869,66743,0.09579100145137881,0.05971049457177322,0.04463148251528034,0.05952992922892731,0.5255797594680491,0.0317040457231716,0.0,461.0165721276832,833,0.17647058823529413
novel_typologies_only,104,ML,72323,2150,0.029727749125451102,174,1616,1976,68557,0.08093023255813954,0.09720670391061452,0.023028800250808716,0.09391116749466874,0.5320603332826281,0.06246812713277897,0.08093023255813954,247.50079504445335,893,0.10974244120940649
novel_typologies_only,104,Rules R1-R4,72323,2150,0.029727749125451102,270,3299,1880,66874,0.12558139534883722,0.07565144298122724,0.04701238368033289,0.07302756790262621,0.5392845058342521,0.03549491067943229,0.0,493.4806354824883,893,0.22172452407614782
tactic_evasion,100,ML,73197,2156,0.029454759074825473,983,1571,1173,69470,0.4559369202226345,0.38488645262333593,0.02211399051252094,0.3781316786336579,0.7927798997098515,0.3968663562362724,0.4559369202226345,348.9214038826728,1409,0.3179559971611072
tactic_evasion,100,Rules R1-R4,73197,2156,0.029454759074825473,469,3176,1687,67865,0.21753246753246752,0.12866941015089164,0.04470657789164004,0.12549386762641326,0.5864129448204137,0.05103716693877493,0.0,497.9712283290299,1409,0.19162526614620298
tactic_evasion,101,ML,73664,2011,0.027299630755864467,861,1613,1150,70040,0.42814520139234213,0.3480194017784964,0.02251126959094525,0.3593506676161753,0.7901158994044889,0.3642052523612821,0.42814520139234213,335.8492615117289,1363,0.3008070432868672
tactic_evasion,101,Rules R1-R4,73664,2011,0.027299630755864467,386,3239,1625,68414,0.19194430631526604,0.10648275862068965,0.04520396912899669,0.1112921806630577,0.5733701685931346,0.04249838130575135,0.0,492.0992615117289,1363,0.1760821716801174
tactic_evasion,102,ML,72862,2150,0.029507836732453132,966,1601,1184,69111,0.4493023255813953,0.37631476431632255,0.022641135875098993,0.3691878990649806,0.7898123209244443,0.3918066893516172,0.4493023255813953,352.30984601026597,1420,0.3246478873239437
tactic_evasion,102,Rules R1-R4,72862,2150,0.029507836732453132,437,3205,1713,67507,0.20325581395348838,0.11998901702361339,0.045324697363955196,0.11680742728200696,0.5789655582947666,0.04789866268000524,0.0,499.8490296725316,1420,0.18873239436619718
tactic_evasion,103,ML,72170,2141,0.02966606623250658,954,1556,1187,68473,0.4455861746847268,0.3800796812749004,0.022219366262548373,0.3716362927517274,0.7923541670922761,0.39414847951675436,0.4455861746847268,347.7899404184564,1426,0.32187938288920054
tactic_evasion,103,Rules R1-R4,72170,2141,0.02966606623250658,453,3112,1688,66917,0.21158337225595517,0.1270687237026648,0.044438732525096745,0.1231295500181067,0.5835723198654292,0.05027484896673436,0.0,493.9725647776084,1426,0.19845722300140253
tactic_evasion,104,ML,72504,2169,0.029915590863952332,985,1577,1184,68758,0.4541263254956201,0.3844652615144418,0.022421269638160234,0.37396021289257664,0.7963233157736227,0.3937165948369237,0.4541263254956201,353.3598146309169,1439,0.33634468380820015
tactic_evasion,104,Rules R1-R4,72504,2169,0.029915590863952332,443,3262,1726,67073,0.20424158598432457,0.11956815114709851,0.04637804791355655,0.11494942054969999,0.5789317690353839,0.04822637196373737,0.0,511.0062893081761,1439,0.20013898540653233
volume_mix_shift,100,ML,158616,2338,0.014740001008725476,2020,11080,318,145198,0.8639863130881095,0.15419847328244274,0.07089929484636354,0.2643785953058224,0.9435946744724869,0.12448706804621827,0.0,825.8939829525394,1585,0.9413249211356467
volume_mix_shift,100,Rules R1-R4,158616,2338,0.014740001008725476,1884,18342,454,137936,0.8058169375534645,0.09314743399584693,0.11736776769602887,0.1683893356216373,0.8442245849287179,0.07792203853983619,0.0,1275.1550915418368,1585,1.0
volume_mix_shift,101,ML,159570,2318,0.014526540076455475,2004,11014,314,146238,0.8645383951682485,0.15394069749577508,0.0700404446366342,0.26688063792238265,0.9436679752576207,0.1247059683983061,0.0,815.8175095569343,1535,0.9394136807817589
volume_mix_shift,101,Rules R1-R4,159570,2318,0.014526540076455475,1874,18343,444,138909,0.808455565142364,0.09269426720087055,0.11664716505990384,0.16971367503582385,0.8459042000412301,0.07772167408471857,0.0,1266.9674750893025,1535,1.0
volume_mix_shift,102,ML,158295,2302,0.01454246817650589,2003,11105,299,144888,0.870112945264987,0.15280744583460482,0.07118909181822261,0.2649599202611147,0.9419852459685378,0.12169767712441452,0.0,828.0741653242364,1537,0.9479505530253741
volume_mix_shift,102,Rules R1-R4,158295,2302,0.01454246817650589,1866,18441,436,137552,0.8105994787141616,0.09188949623282612,0.1182168430634708,0.1682086575263896,0.8461913178253453,0.0772399287990487,0.0,1282.8579550838624,1537,1.0
volume_mix_shift,103,ML,156164,2255,0.01443994774724008,1944,11013,311,142896,0.8620842572062084,0.15003473026163464,0.07155526967233886,0.26216483039393856,0.9435860081976911,0.12120683555719376,0.0004434589800443459,829.7046694500654,1546,0.9353169469598965
volume_mix_shift,103,Rules R1-R4,156164,2255,0.01443994774724008,1827,18240,428,135669,0.8101995565410199,0.09104499925250412,0.11851158801629534,0.16779161595828468,0.8458439842623622,0.07650532650560699,0.0,1284.9952613918701,1546,1.0
volume_mix_shift,104,ML,156990,2295,0.014618765526466654,1962,10937,333,143758,0.8549019607843137,0.15210481432669198,0.07070041048514819,0.2628719746129803,0.9431687695818063,0.12436866197480234,0.00043572984749455336,821.6446907446334,1495,0.934448160535117
volume_mix_shift,104,Rules R1-R4,156990,2295,0.014618765526466654,1825,18057,470,136638,0.7952069716775599,0.0917915702645609,0.11672646174730922,0.16730335779879776,0.8392402549651254,0.07598711787811023,0.0,1266.4500923625708,1495,1.0
scam_surge,100,ML,78078,6267,0.08026588795819566,5399,1737,868,70074,0.861496728897399,0.7565863228699552,0.024188494798846973,0.51228859463715,0.9791659071500645,0.8227723364092369,0.7928833572682304,913.9578370347601,4183,0.9433420989720297
scam_surge,100,Rules R1-R4,78078,6267,0.08026588795819566,5007,3454,1260,68357,0.7989468645284825,0.5917740219832172,0.048098480734149365,0.3288069431379701,0.8754241918971666,0.48893370781830137,0.0,1083.659929813776,4183,0.9997609371264643
scam_surge,101,ML,78498,6202,0.07900838237916889,5359,1748,843,70548,0.864076104482425,0.7540453074433657,0.024178377780236803,0.5131400272264001,0.979400371816935,0.8222398311324707,0.7986133505320864,905.3733853091799,4115,0.9475091130012151
scam_surge,101,Rules R1-R4,78498,6202,0.07900838237916889,4954,3450,1248,68846,0.7987745888423089,0.5894811994288434,0.04772048246099369,0.3305028115847717,0.8755270531906576,0.4867610969331978,0.0,1070.6005248541364,4115,0.9995139732685298
scam_surge,102,ML,77682,6309,0.0812157256507299,5423,1736,886,69637,0.8595656997939451,0.7575080318480235,0.02432292323427627,0.5103430571988433,0.9789806745444437,0.8225678818864247,0.7922016167379934,921.5777142710023,4229,0.9420666824308347
scam_surge,102,Rules R1-R4,77682,6309,0.0812157256507299,5027,3417,1282,67956,0.7967982247582818,0.5953339649455235,0.04787524694212097,0.32923943052021465,0.8744614889080804,0.4908642260366749,0.0,1086.9957004196597,4229,0.9997635374793096
scam_surge,103,ML,77006,6272,0.08144819884164871,5397,1689,875,69045,0.8604910714285714,0.7616426756985606,0.023878191534481296,0.515222245404291,0.9804076976213125,0.8337088094975953,0.8435905612244898,920.1880372957951,4182,0.9418938307030129
scam_surge,103,Rules R1-R4,77006,6272,0.08144819884164871,5010,3314,1262,67420,0.7987882653061225,0.6018740989908697,0.04685158481069924,0.3345852543916259,0.8759683402477116,0.4971583008422223,0.0,1080.9547308001975,4182,0.9995217599234816
scam_surge,104,ML,77197,6197,0.08027514022565643,5324,1717,873,69283,0.8591253832499597,0.7561425933816219,0.024183098591549296,0.5116556406398463,0.9778919695354635,0.8206081944844464,0.7916733903501695,912.0820757283315,4132,0.9436108422071636
scam_surge,104,Rules R1-R4,77197,6197,0.08027514022565643,4920,3474,1277,67526,0.7939325480071002,0.586132952108649,0.04892957746478873,0.3236575659259274,0.8725014852711558,0.4818921217432171,0.0,1087.3479539360337,4132,0.9987899322362053
external_validation,100,ML,115942,1390,0.011988752997188249,237,7631,1153,106921,0.17050359712230215,0.03012201321809863,0.06661603463929046,0.07018710349182614,0.556106667148996,0.02006939973414306,0.0,678.6151696537925,587,0.2708688245315162
external_validation,100,Rules R1-R4,115942,1390,0.011988752997188249,262,15008,1128,99544,0.1884892086330935,0.01715782580222659,0.13101473566589847,0.04070299989295328,0.5287372364835975,0.012963067439576769,0.0,1317.0378292594573,587,0.3577512776831346
external_validation,101,ML,117069,1475,0.012599407187214378,257,7962,1218,107632,0.17423728813559322,0.03126901082856795,0.06887900756094607,0.06942450923295107,0.5447586570530463,0.02013826587879212,0.0006779661016949153,702.0645943845083,642,0.24922118380062305
external_validation,101,Rules R1-R4,117069,1475,0.012599407187214378,293,15241,1182,100353,0.19864406779661017,0.018861851422685722,0.1318494039483018,0.04254258567226711,0.5333973319241542,0.013843404584497837,0.0,1326.9097711605975,642,0.3364485981308411
external_validation,102,ML,115586,1369,0.01184399494748499,259,7730,1110,106487,0.1891891891891892,0.03241957691826261,0.06767819151264698,0.07616395053347627,0.5708255554685856,0.021024069032996237,0.0,691.173671551918,612,0.2826797385620915
external_validation,102,Rules R1-R4,115586,1369,0.01184399494748499,299,14904,1070,99313,0.21840759678597516,0.019667170953101363,0.1304884561842808,0.04704103138862761,0.5439595703008472,0.013552636018105368,0.0,1315.2977004135448,612,0.3741830065359477
external_validation,103,ML,113985,1345,0.011799798219063911,254,7637,1091,105003,0.18884758364312268,0.03218856925611456,0.06780007102272727,0.07591057323013979,0.5704115819850456,0.021141314459583734,0.0,692.2840724656753,590,0.2864406779661017
external_validation,103,Rules R1-R4,113985,1345,0.011799798219063911,276,14758,1069,97882,0.20520446096654274,0.01835838765464946,0.13101917613636363,0.04415174487303566,0.5370926424150896,0.013145650028894104,0.0,1318.9454752818353,590,0.3610169491525424
external_validation,104,ML,115186,1457,0.012649106662267984,257,7695,1200,106034,0.17638984214138642,0.03231891348088531,0.0676608428808835,0.0713959730405045,0.5493916371042137,0.020615649843441844,0.0013726835964310226,690.3616758981126,619,0.2681744749596123
external_validation,104,Rules R1-R4,115186,1457,0.012649106662267984,294,14943,1163,98786,0.20178448867536034,0.01929513683796023,0.1313912898205383,0.04333015798477938,0.535196599427411,0.013990172462991057,0.0,1322.8170090115118,619,0.35218093699515346
