id,source,where,what_to_take_from_it,used_for_inputs,note
S1,"Bangladesh Bank, Mobile Financial Services (MFS) Statistics: Transaction Statistics",https://www.bb.org.bd/econdata/fin_digitalfstat/tab9.pdf,Industry transaction counts and values; derive average ticket size and a plausible upay share. Monthly counts are in the hundreds of millions industry-wide.,"V1, R2",Link appeared in a web search on 2026-10-07 with data up to May 2026. Open it and confirm the table before citing.
S2,upay / UCB annual report and Bangladesh Bank MFS provider-wise statistics,https://www.bb.org.bd (search 'MFS statistics'),"Upay's own volume, active customers, revenue. Prefer the company's own internal figure.","V1, C4, B7, B11","Link/edition NOT re-verified. Open the source, note the exact figure, edition and date, then cite."
S3,Bangladesh Financial Intelligence Unit (BFIU) annual report,https://www.bfiu.org.bd,Suspicious-transaction reports and typologies involving MFS; verify the current edition.,"R1, R2","Link/edition NOT re-verified. Open the source, note the exact figure, edition and date, then cite."
S4,Bangladesh Police / CID cyber-crime statistics and the National Cyber Security Agency,https://www.police.gov.bd (verify current page),Reported MFS-related fraud cases and losses; reported cases understate true incidence.,"R1, R2","Link/edition NOT re-verified. Open the source, note the exact figure, edition and date, then cite."
S5,"UK Finance, Annual Fraud Report (authorised push payment scams)",https://www.ukfinance.org.uk,"International benchmark for APP-scam counts, values and share recovered; use only as a cross-check, not as a Bangladesh figure.","R1, R4","Link/edition NOT re-verified. Open the source, note the exact figure, edition and date, then cite."
S6,"GSMA, State of the Industry Report on Mobile Money",https://www.gsma.com/sotir,Mobile-money fraud and consumer-protection context across markets.,R1,"Link/edition NOT re-verified. Open the source, note the exact figure, edition and date, then cite."
S7,"This project: results/step2_main_results.csv, results/step3_scenarios.csv, models/metrics.json",(in repository),Recall and false-alarm rate. Synthetic data; say so whenever you cite them.,"R3, F1",Internal source.
S8,"UK Payment Systems Regulator, APP scams performance data",https://www.psr.org.uk,Share of APP-scam losses recovered or reimbursed; indicates how often a flagged payment can really be stopped.,R4,"Link/edition NOT re-verified. Open the source, note the exact figure, edition and date, then cite."
S9,"Your own pilot measurements (time-and-motion study, call-centre tags, cancellation logs, retention)",(internal),"The only credible source for analyst minutes, support contacts, abandonment and churn.","A1, A2, A5, F3, F4, C1, C3, B3, B7",Internal source.
S10,Bangladesh Bureau of Statistics (BBS) wage and labour statistics; job-portal salary surveys,https://bbs.gov.bd,Salary level for analysts and call-centre staff; cross-check against upay HR.,"A3, A4, F4, K1, K2","Link/edition NOT re-verified. Open the source, note the exact figure, edition and date, then cite."
S11,"Bangladesh Bank, Monthly Economic Trends / interest-rate statistics",https://www.bb.org.bd,Cost of funds for idle-cash valuation (Agent Copilot calculator).,A3,"Link/edition NOT re-verified. Open the source, note the exact figure, edition and date, then cite."
S12,BTRC (telecom regulator) SMS tariff / your SMS gateway invoice,https://www.btrc.gov.bd,Cost per SMS.,"F2, C2","Link/edition NOT re-verified. Open the source, note the exact figure, edition and date, then cite."
S13,upay official tariff page / app charges and Bangladesh Bank circulars on MFS charges,https://www.upaybd.com (verify current tariff),"Send-money and cash-out fee schedule. A news report states Bangladesh Bank sets no fixed cash-out cap, so the provider's own tariff is the authority.","C2, C4, B4, B9, B10, B11, B12","Link/edition NOT re-verified. Open the source, note the exact figure, edition and date, then cite."
S14,Helix Institute of Digital Finance / InterMedia agent-network surveys (Bangladesh),https://www.helix-institute.com (verify availability),"Agent liquidity problems, stock-out frequency, agent commission levels.",,"Link/edition NOT re-verified. Open the source, note the exact figure, edition and date, then cite."
S15,"Kohavi, Tang, Xu, Trustworthy Online Controlled Experiments (Cambridge University Press, 2020)",(book),"A/B test design, sample size, guardrail metrics.","B1, B2, B3, B4","Link/edition NOT re-verified. Open the source, note the exact figure, edition and date, then cite."
S16,"Duflo, Glennerster, Kremer, Using Randomization in Development Economics Research: A Toolkit (2007)",https://economics.mit.edu (search the title),"Randomization units, stratification, spillovers, power.","B2, B6, B8","Link/edition NOT re-verified. Open the source, note the exact figure, edition and date, then cite."
S17,"Deng, Xu, Kohavi, Walker, Improving the Sensitivity of Online Controlled Experiments by Utilizing Pre-Experiment Data (CUPED, WSDM 2013)",(paper),Variance reduction with pre-period data.,B5,"Link/edition NOT re-verified. Open the source, note the exact figure, edition and date, then cite."
