id,group,assumption,unit,bad,medium,good,status,basis,public_sources_to_cite
V1,Volume,Monthly transactions scored by ScamShield (in-scope P2P sends),transactions / month,10000000,10000000,10000000,ASSUMPTION,"Placeholder, held equal across scenarios so scenarios isolate model and cost effects. Replace with upay's real monthly P2P send count.","S1: Bangladesh Bank, Mobile Financial Services (MFS) Statistics: Transaction Statistics; S2: upay / UCB annual report and Bangladesh Bank MFS provider-wise statistics"
R1,Scam exposure,Scam rate (share of scored transactions that are loss-causing scams),fraction,0.0001,0.0003,0.0006,ASSUMPTION,"NOT the 2.9% of our synthetic data (that is injected by construction). Real rates are far lower; bad = 0.01%, medium = 0.03%, good = 0.06% are placeholders.","S3: Bangladesh Financial Intelligence Unit (BFIU) annual report; S4: Bangladesh Police / CID cyber-crime statistics and the National Cyber Security Agency; S5: UK Finance, Annual Fraud Report (authorised push payment scams); S6: GSMA, State of the Industry Report on Mobile Money"
R2,Scam exposure,Average loss per scam transaction,BDT,3000,6000,10000,ASSUMPTION,Placeholder. Compute the average P2P ticket from Bangladesh Bank MFS tables (value / number) and compare with victim-reported losses.,"S1: Bangladesh Bank, Mobile Financial Services (MFS) Statistics: Transaction Statistics; S3: Bangladesh Financial Intelligence Unit (BFIU) annual report; S4: Bangladesh Police / CID cyber-crime statistics and the National Cyber Security Agency"
R3,Model performance,Recall (share of scam transactions flagged),fraction,0.18,0.447,0.859,MEASURED_ON_SYNTHETIC,"Our own Step 3 numbers on synthetic data: good = Step 2 test split (85.9%), medium = 'Evasion, known scams adapted' (44.7%), bad = 'External validation, all shifts' (18.0%). Real-world recall is unknown.","S7: This project: results/step2_main_results.csv, results/step3_scenarios.csv, models/metrics.json"
R4,Model performance,Intervention success (share of flagged scams where the warning/hold really stops the loss),fraction,0.5,0.7,0.85,ASSUMPTION,Not measured. Customer may ignore a warning; scammer may re-route. Set it to 100% to get the literal 'volume x rate x loss x recall' formula.,"S8: UK Payment Systems Regulator, APP scams performance data; S5: UK Finance, Annual Fraud Report (authorised push payment scams)"
F1,False alarms,False-alarm rate (share of legitimate transactions flagged),fraction,0.0677,0.0224,0.0195,MEASURED_ON_SYNTHETIC,"Own Step 3 numbers: good = Step 2 test split (1.95%), medium = Evasion row (2.24%), bad = External validation (6.77%).","S7: This project: results/step2_main_results.csv, results/step3_scenarios.csv, models/metrics.json"
A1,Analyst time,Share of flags reviewed by a human analyst,fraction,1.0,1.0,1.0,ASSUMPTION,"Design rule of the prototype (HIGH cases go to an analyst). Lowering it models triage, but then check the intervention success input.","S9: Your own pilot measurements (time-and-motion study, call-centre tags, cancellation logs, retention)"
A2,Analyst time,Review time per flagged case,minutes,6,4,3,ASSUMPTION,Placeholder. Time a real analyst on 30-50 cases during the pilot.,"S9: Your own pilot measurements (time-and-motion study, call-centre tags, cancellation logs, retention)"
A3,Analyst time,Fully loaded monthly cost of one analyst,BDT / month,45000,35000,30000,ASSUMPTION,Placeholder. Use upay HR figure; public check: job-portal salary surveys and BBS wage statistics.,"S10: Bangladesh Bureau of Statistics (BBS) wage and labour statistics; job-portal salary surveys; S11: Bangladesh Bank, Monthly Economic Trends / interest-rate statistics"
A4,Analyst time,Paid hours per analyst per month,hours,176,176,176,ASSUMPTION,22 working days x 8 hours.,S10: Bangladesh Bureau of Statistics (BBS) wage and labour statistics; job-portal salary surveys
A5,Analyst time,Productive share of paid time (utilization),fraction,0.65,0.65,0.65,ASSUMPTION,"Placeholder; breaks, meetings, idle time between cases.","S9: Your own pilot measurements (time-and-motion study, call-centre tags, cancellation logs, retention)"
F2,False-alarm handling,Notification cost per flag (SMS / push),BDT,0.35,0.35,0.35,ASSUMPTION,Placeholder; replace with upay's SMS gateway cost.,S12: BTRC (telecom regulator) SMS tariff / your SMS gateway invoice
F3,False-alarm handling,Share of false alarms that contact customer support,fraction,0.1,0.05,0.03,ASSUMPTION,Placeholder; measure in the pilot from call-centre tags.,"S9: Your own pilot measurements (time-and-motion study, call-centre tags, cancellation logs, retention)"
F4,False-alarm handling,Cost of one support contact,BDT,40,30,25,ASSUMPTION,Placeholder; use upay call-centre cost per contact.,"S10: Bangladesh Bureau of Statistics (BBS) wage and labour statistics; job-portal salary surveys; S9: Your own pilot measurements (time-and-motion study, call-centre tags, cancellation logs, retention)"
C1,Customer friction,Abandonment rate after a false alarm (customer cancels the transfer),fraction,0.15,0.08,0.05,ASSUMPTION,Placeholder; measure in the pilot (cancelled / warned legitimate transfers).,"S9: Your own pilot measurements (time-and-motion study, call-centre tags, cancellation logs, retention)"
C2,Customer friction,Revenue lost per abandoned transaction,BDT,8,5,3,ASSUMPTION,Placeholder; use upay's send-money fee / margin per transaction.,S12: BTRC (telecom regulator) SMS tariff / your SMS gateway invoice; S13: upay official tariff page / app charges and Bangladesh Bank circulars on MFS charges
C3,Customer friction,Churn probability per false alarm,fraction,0.002,0.0005,0.0002,ASSUMPTION,Placeholder; measure by comparing 90-day retention of warned vs unwarned legitimate customers.,"S9: Your own pilot measurements (time-and-motion study, call-centre tags, cancellation logs, retention)"
C4,Customer friction,Annual margin of an active customer,BDT / year,1000,600,400,ASSUMPTION,Placeholder; use upay's ARPU/margin.,S2: upay / UCB annual report and Bangladesh Bank MFS provider-wise statistics; S13: upay official tariff page / app charges and Bangladesh Bank circulars on MFS charges
K1,Investment,"One-time cost (build, integration, security review, training)",BDT,20000000,12000000,8000000,ASSUMPTION,"Placeholder, no upay quote exists.",S10: Bangladesh Bureau of Statistics (BBS) wage and labour statistics; job-portal salary surveys
K2,Investment,"Monthly run cost (hosting, monitoring, retraining, support)",BDT / month,800000,500000,350000,ASSUMPTION,Placeholder.,S10: Bangladesh Bureau of Statistics (BBS) wage and labour statistics; job-portal salary surveys
H1,Investment,ROI horizon,months,12,12,12,ASSUMPTION,Chosen by the team; ROI = (net benefit x horizon - one-time cost) / one-time cost.,
B1,A/B pilot (Cost Advisor),Significance level alpha (two-sided),fraction,0.05,0.05,0.05,CONVENTION,Standard experiment convention; change only if the team pre-registers a different value.,"S15: Kohavi, Tang, Xu, Trustworthy Online Controlled Experiments (Cambridge University Press, 2020)"
B2,A/B pilot (Cost Advisor),Statistical power (1 - beta),fraction,0.8,0.8,0.8,CONVENTION,Standard experiment convention.,"S15: Kohavi, Tang, Xu, Trustworthy Online Controlled Experiments (Cambridge University Press, 2020); S16: Duflo, Glennerster, Kremer, Using Randomization in Development Economics Research: A Toolkit (2007)"
B3,A/B pilot (Cost Advisor),Std. deviation of fees paid per eligible customer-month,BDT,19.0,19.0,19.0,MEASURED_ON_SYNTHETIC,"Computed on our synthetic data (std of monthly fee on cash-outs under BDT 1,500, using the ASSUMED 1.4% rate). Replace with the std from 8-12 weeks of real pre-period data.","S9: Your own pilot measurements (time-and-motion study, call-centre tags, cancellation logs, retention); S15: Kohavi, Tang, Xu, Trustworthy Online Controlled Experiments (Cambridge University Press, 2020)"
B4,A/B pilot (Cost Advisor),Minimum detectable effect (saving per customer-month),BDT,2.0,2.0,2.0,ASSUMPTION,Smallest saving worth acting on. Choose with the business team; smaller MDE needs many more customers.,"S13: upay official tariff page / app charges and Bangladesh Bank circulars on MFS charges; S15: Kohavi, Tang, Xu, Trustworthy Online Controlled Experiments (Cambridge University Press, 2020)"
B5,A/B pilot (Cost Advisor),Correlation between pre-period and pilot-period fees (for CUPED),fraction,0.5,0.5,0.5,ASSUMPTION,Measure on real pre-period data. Set to 0 to disable variance reduction.,"S17: Deng, Xu, Kohavi, Walker, Improving the Sensitivity of Online Controlled Experiments by Utilizing Pre-Experiment Data (CUPED, WSDM 2013)"
B6,A/B pilot (Cost Advisor),Expected attrition / missing data,fraction,0.1,0.1,0.1,ASSUMPTION,Customers who become inactive or unreachable during the pilot.,"S16: Duflo, Glennerster, Kremer, Using Randomization in Development Economics Research: A Toolkit (2007)"
B7,A/B pilot (Cost Advisor),Eligible customer base available for the pilot,customers,50000,50000,50000,ASSUMPTION,Replace with the real count of customers having at least 2 small cash-outs in the pre-period.,"S2: upay / UCB annual report and Bangladesh Bank MFS provider-wise statistics; S9: Your own pilot measurements (time-and-motion study, call-centre tags, cancellation logs, retention)"
B8,A/B pilot (Cost Advisor),Pilot duration,weeks,8,8,8,ASSUMPTION,At least two salary-week cycles; cash-out behaviour is strongly calendar-dependent.,"S16: Duflo, Glennerster, Kremer, Using Randomization in Development Economics Research: A Toolkit (2007)"
B9,A/B pilot (Cost Advisor),Cash-out fee rate (customer pays at agent),fraction of amount,0.014,0.014,0.014,ASSUMPTION,Same prototype assumption as src/cashout_saver.py; a 2021 press report quoted upay at 1.4% for USSD agent cash-out. NOT confirmed as the current tariff.,S13: upay official tariff page / app charges and Bangladesh Bank circulars on MFS charges
B10,A/B pilot (Cost Advisor),Customer fee on the digital alternative (merchant payment),fraction of amount,0.0,0.0,0.0,ASSUMPTION,Merchant payments are often free to the payer; check the tariff.,S13: upay official tariff page / app charges and Bangladesh Bank circulars on MFS charges
B11,A/B pilot (Cost Advisor),Merchant discount rate earned by upay on migrated value,fraction of amount,0.005,0.005,0.005,ASSUMPTION,Placeholder; use upay's merchant pricing.,S2: upay / UCB annual report and Bangladesh Bank MFS provider-wise statistics; S13: upay official tariff page / app charges and Bangladesh Bank circulars on MFS charges
B12,A/B pilot (Cost Advisor),Small cash-out limit defining eligible cash-outs,BDT,1500,1500,1500,ASSUMPTION,Equals SMALL_LIMIT in src/cashout_saver.py.,S13: upay official tariff page / app charges and Bangladesh Bank circulars on MFS charges
